{"stats":{"minecraft:broken":{"minecraft:stone_pickaxe":1},"minecraft:mined":{"minecraft:white_bed":3,"minecraft:crafting_table":5,"minecraft:torch":2,"minecraft:granite":9,"minecraft:grass_block":3,"minecraft:cobblestone":6,"minecraft:spruce_leaves":2,"minecraft:diorite":2,"minecraft:furnace":5,"minecraft:fire":8,"minecraft:iron_ore":54,"minecraft:spruce_log":2,"minecraft:birch_leaves":1,"minecraft:andesite":2,"minecraft:coal_ore":144,"minecraft:oak_log":28,"minecraft:gravel":1,"minecraft:dirt":3,"minecraft:stone":142,"minecraft:netherrack":1,"minecraft:oak_leaves":9},"minecraft:custom":{"minecraft:interact_with_furnace":40,"minecraft:mob_kills":20,"minecraft:interact_with_crafting_table":19,"minecraft:play_one_minute":79625,"minecraft:leave_game":5,"minecraft:time_since_death":22495,"minecraft:sleep_in_bed":1,"minecraft:time_since_rest":22515,"minecraft:sprint_one_cm":141867,"minecraft:damage_taken":1088,"minecraft:walk_one_cm":134208,"minecraft:damage_blocked_by_shield":50,"minecraft:drop":6,"minecraft:damage_dealt":2489,"minecraft:swim_one_cm":16434,"minecraft:fly_one_cm":179997,"minecraft:open_chest":7,"minecraft:crouch_one_cm":6408,"minecraft:deaths":2,"minecraft:sneak_time":3157,"minecraft:walk_under_water_one_cm":7132,"minecraft:aviate_one_cm":949266,"minecraft:jump":1067,"minecraft:walk_on_water_one_cm":8711,"minecraft:fall_one_cm":21535},"minecraft:killed":{"minecraft:pig":2,"minecraft:spider":1,"minecraft:sheep":7,"minecraft:zombie":5,"minecraft:cow":5},"minecraft:picked_up":{"minecraft:birch_log":3,"minecraft:crafting_table":5,"minecraft:andesite":2,"minecraft:leather":5,"minecraft:oak_log":28,"minecraft:shield":1,"minecraft:string":2,"minecraft:dirt":6,"minecraft:beef":9,"minecraft:iron_ore":54,"minecraft:light_gray_wool":2,"minecraft:birch_sapling":6,"minecraft:furnace":5,"minecraft:stick":3,"minecraft:torch":2,"minecraft:gravel":1,"minecraft:porkchop":2,"minecraft:diorite":2,"minecraft:white_bed":3,"minecraft:spruce_log":2,"minecraft:rotten_flesh":5,"minecraft:granite":9,"minecraft:oak_sapling":2,"minecraft:netherrack":1,"minecraft:mutton":13,"minecraft:coal":197,"minecraft:white_wool":6,"minecraft:cobblestone":142},"minecraft:used":{"minecraft:cooked_mutton":3,"minecraft:water_bucket":4,"minecraft:diorite":2,"minecraft:flint_and_steel":9,"minecraft:stone_pickaxe":131,"minecraft:oak_planks":1,"minecraft:shield":2,"minecraft:wooden_pickaxe":14,"minecraft:iron_sword":3,"minecraft:oak_door":1,"minecraft:torch":26,"minecraft:dirt":6,"minecraft:crafting_table":5,"minecraft:white_bed":3,"minecraft:spruce_log":1,"minecraft:obsidian":3,"minecraft:wooden_axe":1,"minecraft:lava_bucket":9,"minecraft:firework_rocket":4,"minecraft:birch_sapling":7,"minecraft:iron_pickaxe":221,"minecraft:gravel":1,"minecraft:stone_axe":55,"minecraft:golden_sword":8,"minecraft:cobblestone":41,"minecraft:oak_sapling":2,"minecraft:furnace":5,"minecraft:cooked_porkchop":2,"minecraft:bucket":15,"minecraft:birch_log":1,"minecraft:andesite":2,"minecraft:cooked_beef":4},"minecraft:dropped":{"minecraft:birch_sapling":2,"minecraft:rotten_flesh":1,"minecraft:stick":1,"minecraft:birch_log":2},"minecraft:crafted":{"minecraft:cooked_beef":9,"minecraft:oak_door":3,"minecraft:oak_planks":56,"minecraft:cooked_porkchop":2,"minecraft:leather_boots":1,"minecraft:crafting_table":1,"minecraft:wooden_pickaxe":1,"minecraft:iron_helmet":1,"minecraft:iron_sword":1,"minecraft:furnace":2,"minecraft:bucket":2,"minecraft:stone_axe":1,"minecraft:cooked_mutton":13,"minecraft:air":0,"minecraft:iron_chestplate":1,"minecraft:charcoal":14,"minecraft:shield":1,"minecraft:stick":40,"minecraft:iron_ingot":44,"minecraft:iron_pickaxe":1,"minecraft:stone_pickaxe":1,"minecraft:wooden_axe":1,"minecraft:iron_leggings":1,"minecraft:white_bed":1,"minecraft:torch":76}},"DataVersion":2586}