{"stats":{"minecraft:mined":{"minecraft:birch_leaves":1,"minecraft:oak_leaves":3},"minecraft:custom":{"minecraft:jump":27,"minecraft:time_since_rest":3237,"minecraft:play_one_minute":3237,"minecraft:crouch_one_cm":4,"minecraft:leave_game":2,"minecraft:sprint_one_cm":212,"minecraft:time_since_death":3237,"minecraft:walk_one_cm":2074,"minecraft:sneak_time":4,"minecraft:fall_one_cm":209,"minecraft:drop":1,"minecraft:fly_one_cm":2185},"minecraft:picked_up":{"minecraft:stick":1},"minecraft:dropped":{"minecraft:stick":1}},"DataVersion":2586}