{"stats":{"minecraft:broken":{"minecraft:stone_pickaxe":1,"minecraft:iron_pickaxe":2},"minecraft:mined":{"minecraft:white_bed":4,"minecraft:dandelion":1,"minecraft:crafting_table":6,"minecraft:torch":2,"minecraft:granite":28,"minecraft:grass_block":26,"minecraft:tall_grass":4,"minecraft:cobblestone":162,"minecraft:spruce_leaves":2,"minecraft:wall_torch":3,"minecraft:oak_wall_sign":7,"minecraft:diorite":7,"minecraft:redstone_ore":4,"minecraft:furnace":5,"minecraft:fire":8,"minecraft:iron_ore":63,"minecraft:spruce_log":2,"minecraft:andesite":9,"minecraft:birch_leaves":1,"minecraft:grass":12,"minecraft:coal_ore":158,"minecraft:oak_log":28,"minecraft:oak_sign":4,"minecraft:gravel":1,"minecraft:dirt":35,"minecraft:stone":367,"minecraft:netherrack":1,"minecraft:gold_ore":6,"minecraft:oak_leaves":9},"minecraft:custom":{"minecraft:interact_with_furnace":48,"minecraft:mob_kills":28,"minecraft:interact_with_crafting_table":28,"minecraft:play_one_minute":138792,"minecraft:leave_game":7,"minecraft:time_since_death":81662,"minecraft:sleep_in_bed":4,"minecraft:time_since_rest":12438,"minecraft:sprint_one_cm":205589,"minecraft:damage_taken":1217,"minecraft:walk_one_cm":227656,"minecraft:damage_blocked_by_shield":250,"minecraft:drop":8,"minecraft:damage_dealt":3037,"minecraft:swim_one_cm":28951,"minecraft:fly_one_cm":331413,"minecraft:open_chest":26,"minecraft:crouch_one_cm":12782,"minecraft:deaths":2,"minecraft:sneak_time":7987,"minecraft:walk_under_water_one_cm":11380,"minecraft:boat_one_cm":63155,"minecraft:aviate_one_cm":949266,"minecraft:jump":1814,"minecraft:walk_on_water_one_cm":14547,"minecraft:fall_one_cm":40300},"minecraft:killed":{"minecraft:pig":3,"minecraft:spider":1,"minecraft:sheep":8,"minecraft:zombie":10,"minecraft:cow":5},"minecraft:picked_up":{"minecraft:birch_log":3,"minecraft:crafting_table":6,"minecraft:andesite":9,"minecraft:leather":5,"minecraft:oak_log":28,"minecraft:shield":1,"minecraft:dirt":64,"minecraft:string":2,"minecraft:oak_sign":11,"minecraft:wheat_seeds":4,"minecraft:beef":9,"minecraft:oak_boat":1,"minecraft:iron_ore":63,"minecraft:light_gray_wool":2,"minecraft:birch_sapling":6,"minecraft:furnace":5,"minecraft:stick":3,"minecraft:torch":7,"minecraft:dandelion":1,"minecraft:gravel":1,"minecraft:porkchop":5,"minecraft:diorite":7,"minecraft:white_bed":4,"minecraft:spruce_log":2,"minecraft:gold_ore":6,"minecraft:redstone":18,"minecraft:rotten_flesh":8,"minecraft:granite":28,"minecraft:oak_sapling":2,"minecraft:netherrack":1,"minecraft:mutton":14,"minecraft:coal":211,"minecraft:white_wool":7,"minecraft:cobblestone":494},"minecraft:used":{"minecraft:cooked_mutton":3,"minecraft:water_bucket":13,"minecraft:diorite":2,"minecraft:flint_and_steel":9,"minecraft:stone_pickaxe":131,"minecraft:oak_planks":1,"minecraft:oak_sign":13,"minecraft:chest":3,"minecraft:shield":10,"minecraft:wooden_pickaxe":14,"minecraft:iron_sword":17,"minecraft:oak_door":1,"minecraft:torch":41,"minecraft:dirt":32,"minecraft:crafting_table":7,"minecraft:white_bed":5,"minecraft:granite":6,"minecraft:spruce_log":1,"minecraft:obsidian":3,"minecraft:wooden_axe":1,"minecraft:lava_bucket":11,"minecraft:firework_rocket":4,"minecraft:birch_sapling":7,"minecraft:iron_pickaxe":670,"minecraft:gravel":1,"minecraft:stone_axe":68,"minecraft:golden_sword":8,"minecraft:cobblestone":236,"minecraft:cooked_porkchop":2,"minecraft:oak_sapling":2,"minecraft:furnace":7,"minecraft:bucket":24,"minecraft:andesite":2,"minecraft:birch_log":1,"minecraft:oak_boat":1,"minecraft:cooked_beef":8,"minecraft:dandelion":1},"minecraft:dropped":{"minecraft:wheat_seeds":1,"minecraft:birch_sapling":2,"minecraft:rotten_flesh":2,"minecraft:stick":1,"minecraft:birch_log":2},"minecraft:crafted":{"minecraft:cooked_beef":9,"minecraft:oak_door":3,"minecraft:oak_planks":96,"minecraft:oak_sign":6,"minecraft:cooked_porkchop":2,"minecraft:leather_boots":1,"minecraft:crafting_table":1,"minecraft:spruce_planks":4,"minecraft:wooden_pickaxe":1,"minecraft:iron_helmet":1,"minecraft:iron_sword":1,"minecraft:furnace":2,"minecraft:bucket":2,"minecraft:stone_axe":1,"minecraft:cooked_mutton":13,"minecraft:air":0,"minecraft:oak_boat":1,"minecraft:iron_chestplate":1,"minecraft:charcoal":14,"minecraft:shield":1,"minecraft:stick":40,"minecraft:iron_ingot":56,"minecraft:iron_pickaxe":3,"minecraft:stone_pickaxe":1,"minecraft:wooden_axe":1,"minecraft:chest":3,"minecraft:iron_leggings":1,"minecraft:white_bed":1,"minecraft:torch":76}},"DataVersion":2586}