{"stats":{"minecraft:mined":{"minecraft:crafting_table":3,"minecraft:grass_block":4,"minecraft:grass":2,"minecraft:oak_log":46,"minecraft:dirt":2,"minecraft:stone":20,"minecraft:oak_leaves":14},"minecraft:custom":{"minecraft:mob_kills":18,"minecraft:interact_with_crafting_table":5,"minecraft:play_one_minute":40549,"minecraft:leave_game":4,"minecraft:time_since_death":5912,"minecraft:time_since_rest":5934,"minecraft:sprint_one_cm":148227,"minecraft:damage_taken":1160,"minecraft:walk_one_cm":49781,"minecraft:drop":23,"minecraft:damage_dealt":3407,"minecraft:swim_one_cm":4585,"minecraft:fly_one_cm":154424,"minecraft:player_kills":1,"minecraft:open_chest":3,"minecraft:deaths":5,"minecraft:sneak_time":52,"minecraft:walk_under_water_one_cm":6081,"minecraft:boat_one_cm":52176,"minecraft:jump":810,"minecraft:walk_on_water_one_cm":3652,"minecraft:fall_one_cm":19452},"minecraft:killed":{"minecraft:zombie_villager":2,"minecraft:sheep":5,"minecraft:skeleton":1,"minecraft:zombie":4,"minecraft:turtle":1,"minecraft:enderman":1,"minecraft:cow":4},"minecraft:killed_by":{"minecraft:zombie":3,"minecraft:enderman":1},"minecraft:picked_up":{"minecraft:seagrass":1,"minecraft:crafting_table":4,"minecraft:leather":9,"minecraft:wooden_pickaxe":1,"minecraft:oak_log":95,"minecraft:dirt":8,"minecraft:apple":1,"minecraft:beef":8,"minecraft:stone_pickaxe":4,"minecraft:chest":1,"minecraft:oak_planks":29,"minecraft:furnace":2,"minecraft:stick":16,"minecraft:grass_block":2,"minecraft:stone_sword":1,"minecraft:rotten_flesh":16,"minecraft:stone_shovel":2,"minecraft:stone_axe":5,"minecraft:writable_book":1,"minecraft:oak_sapling":18,"minecraft:black_wool":1,"minecraft:mutton":7,"minecraft:white_wool":4,"minecraft:cobblestone":32,"minecraft:ender_pearl":1},"minecraft:used":{"minecraft:writable_book":1,"minecraft:stone_sword":4,"minecraft:stone_pickaxe":20,"minecraft:ender_pearl":1,"minecraft:dirt":1,"minecraft:crafting_table":5,"minecraft:wooden_axe":16,"minecraft:stone_axe":45,"minecraft:oak_sapling":8,"minecraft:oak_boat":1},"minecraft:crafted":{"minecraft:oak_planks":104,"minecraft:stone_shovel":1,"minecraft:crafting_table":4,"minecraft:furnace":1,"minecraft:stone_axe":1,"minecraft:oak_boat":1,"minecraft:stick":28,"minecraft:wooden_axe":2,"minecraft:stone_sword":1},"minecraft:dropped":{"minecraft:stone_axe":1,"minecraft:oak_log":16,"minecraft:rotten_flesh":4,"minecraft:oak_planks":29,"minecraft:apple":1,"minecraft:grass_block":1,"minecraft:stick":2,"minecraft:dirt":5,"minecraft:seagrass":1,"minecraft:oak_sapling":1,"minecraft:chest":1,"minecraft:writable_book":1,"minecraft:stone_pickaxe":1,"minecraft:beef":1,"minecraft:wooden_pickaxe":1}},"DataVersion":2586}