{"stats":{"minecraft:mined":{"minecraft:crafting_table":2,"minecraft:grass":2,"minecraft:grass_block":3,"minecraft:oak_log":37,"minecraft:dirt":2,"minecraft:stone":20,"minecraft:oak_leaves":10},"minecraft:picked_up":{"minecraft:stick":3,"minecraft:crafting_table":2,"minecraft:leather":4,"minecraft:oak_log":37,"minecraft:dirt":1,"minecraft:rotten_flesh":5,"minecraft:stone_axe":1,"minecraft:beef":6,"minecraft:stone_pickaxe":1,"minecraft:oak_sapling":9,"minecraft:black_wool":1,"minecraft:mutton":3,"minecraft:white_wool":1,"minecraft:cobblestone":20},"minecraft:used":{"minecraft:wooden_axe":8,"minecraft:stone_sword":4,"minecraft:stone_pickaxe":20,"minecraft:stone_axe":31,"minecraft:crafting_table":3,"minecraft:oak_sapling":4},"minecraft:crafted":{"minecraft:oak_planks":68,"minecraft:stone_shovel":1,"minecraft:crafting_table":3,"minecraft:stick":20,"minecraft:wooden_axe":1,"minecraft:stone_sword":1,"minecraft:furnace":1,"minecraft:stone_axe":1},"minecraft:killed":{"minecraft:sheep":2,"minecraft:zombie":2,"minecraft:zombie_villager":1,"minecraft:cow":3},"minecraft:killed_by":{"minecraft:zombie":2},"minecraft:custom":{"minecraft:time_since_rest":21,"minecraft:sprint_one_cm":75760,"minecraft:damage_taken":655,"minecraft:walk_one_cm":35021,"minecraft:mob_kills":8,"minecraft:damage_dealt":1292,"minecraft:swim_one_cm":936,"minecraft:interact_with_crafting_table":3,"minecraft:fly_one_cm":64446,"minecraft:play_one_minute":20156,"minecraft:deaths":3,"minecraft:sneak_time":20,"minecraft:walk_under_water_one_cm":3388,"minecraft:jump":372,"minecraft:leave_game":3,"minecraft:time_since_death":0,"minecraft:walk_on_water_one_cm":227,"minecraft:fall_one_cm":7656}},"DataVersion":2586}