{"stats":{"minecraft:mined":{"minecraft:grass":2,"minecraft:oak_log":17,"minecraft:crafting_table":1,"minecraft:oak_leaves":2},"minecraft:custom":{"minecraft:time_since_rest":10592,"minecraft:play_one_minute":10592,"minecraft:sprint_one_cm":43205,"minecraft:walk_one_cm":6360,"minecraft:walk_under_water_one_cm":88,"minecraft:mob_kills":5,"minecraft:jump":160,"minecraft:damage_dealt":480,"minecraft:time_since_death":10592,"minecraft:leave_game":2,"minecraft:walk_on_water_one_cm":141,"minecraft:interact_with_crafting_table":1,"minecraft:swim_one_cm":936,"minecraft:fall_one_cm":3369,"minecraft:fly_one_cm":39219},"minecraft:killed":{"minecraft:sheep":2,"minecraft:cow":3},"minecraft:picked_up":{"minecraft:stick":1,"minecraft:crafting_table":1,"minecraft:leather":4,"minecraft:beef":6,"minecraft:oak_log":17,"minecraft:black_wool":1,"minecraft:oak_sapling":5,"minecraft:mutton":3,"minecraft:white_wool":1},"minecraft:used":{"minecraft:wooden_axe":8,"minecraft:crafting_table":2,"minecraft:oak_sapling":4},"minecraft:crafted":{"minecraft:oak_planks":60,"minecraft:crafting_table":2,"minecraft:stick":12,"minecraft:wooden_axe":1}},"DataVersion":2586}