{"stats":{"minecraft:mined":{"minecraft:cut_sandstone":4,"minecraft:stone_pressure_plate":1,"minecraft:white_bed":2,"minecraft:orange_terracotta":1,"minecraft:crafting_table":5,"minecraft:grass_block":4,"minecraft:sandstone":10,"minecraft:chiseled_sandstone":1,"minecraft:tnt":9,"minecraft:grass":2,"minecraft:oak_log":49,"minecraft:dirt":2,"minecraft:stone":20,"minecraft:oak_leaves":14},"minecraft:custom":{"minecraft:mob_kills":22,"minecraft:interact_with_crafting_table":10,"minecraft:play_one_minute":65375,"minecraft:leave_game":5,"minecraft:time_since_death":18380,"minecraft:sleep_in_bed":2,"minecraft:time_since_rest":5626,"minecraft:sprint_one_cm":200584,"minecraft:damage_taken":1405,"minecraft:walk_one_cm":74795,"minecraft:drop":24,"minecraft:damage_dealt":3883,"minecraft:talked_to_villager":1,"minecraft:swim_one_cm":7288,"minecraft:fly_one_cm":286736,"minecraft:player_kills":1,"minecraft:open_chest":16,"minecraft:crouch_one_cm":34,"minecraft:deaths":6,"minecraft:sneak_time":75,"minecraft:walk_under_water_one_cm":6749,"minecraft:boat_one_cm":402073,"minecraft:jump":1283,"minecraft:walk_on_water_one_cm":5331,"minecraft:fall_one_cm":32346},"minecraft:killed":{"minecraft:zombie_villager":2,"minecraft:spider":1,"minecraft:sheep":6,"minecraft:skeleton":1,"minecraft:zombie":5,"minecraft:turtle":1,"minecraft:enderman":1,"minecraft:cow":5},"minecraft:killed_by":{"minecraft:creeper":1,"minecraft:zombie":3,"minecraft:enderman":1},"minecraft:picked_up":{"minecraft:wooden_axe":1,"minecraft:seagrass":1,"minecraft:crafting_table":7,"minecraft:cut_sandstone":4,"minecraft:leather":11,"minecraft:golden_leggings":1,"minecraft:wooden_pickaxe":2,"minecraft:flint":2,"minecraft:stone_brick_stairs":2,"minecraft:oak_log":98,"minecraft:dirt":8,"minecraft:flint_and_steel":1,"minecraft:orange_terracotta":1,"minecraft:apple":1,"minecraft:beef":12,"minecraft:stone_pickaxe":4,"minecraft:oak_boat":2,"minecraft:iron_nugget":7,"minecraft:chest":1,"minecraft:oak_planks":40,"minecraft:furnace":2,"minecraft:sandstone":10,"minecraft:stick":22,"minecraft:stone_brick_slab":2,"minecraft:sand":13,"minecraft:white_bed":3,"minecraft:grass_block":2,"minecraft:chiseled_sandstone":1,"minecraft:spider_eye":2,"minecraft:stone_pressure_plate":1,"minecraft:tnt":9,"minecraft:stone_sword":1,"minecraft:rotten_flesh":16,"minecraft:stone_shovel":2,"minecraft:stone_axe":5,"minecraft:writable_book":1,"minecraft:oak_sapling":19,"minecraft:obsidian":2,"minecraft:black_wool":1,"minecraft:mutton":13,"minecraft:white_wool":6,"minecraft:cobblestone":32,"minecraft:ender_pearl":1},"minecraft:used":{"minecraft:writable_book":1,"minecraft:stone_sword":4,"minecraft:stone_pickaxe":20,"minecraft:oak_planks":2,"minecraft:ender_pearl":1,"minecraft:wooden_pickaxe":26,"minecraft:sandstone":10,"minecraft:rotten_flesh":4,"minecraft:sand":13,"minecraft:dirt":1,"minecraft:crafting_table":9,"minecraft:white_bed":2,"minecraft:wooden_axe":23,"minecraft:bread":3,"minecraft:stone_brick_stairs":2,"minecraft:stone_axe":45,"minecraft:oak_sapling":8,"minecraft:oak_boat":2},"minecraft:crafted":{"minecraft:oak_planks":116,"minecraft:stone_shovel":1,"minecraft:fishing_rod":1,"minecraft:crafting_table":6,"minecraft:wooden_pickaxe":1,"minecraft:furnace":1,"minecraft:stone_axe":1,"minecraft:oak_boat":2,"minecraft:bow":1,"minecraft:stick":32,"minecraft:wooden_axe":2,"minecraft:stone_sword":1,"minecraft:white_bed":1},"minecraft:dropped":{"minecraft:stone_axe":1,"minecraft:oak_log":16,"minecraft:rotten_flesh":4,"minecraft:oak_planks":29,"minecraft:apple":1,"minecraft:grass_block":1,"minecraft:stick":2,"minecraft:dirt":5,"minecraft:seagrass":1,"minecraft:oak_sapling":1,"minecraft:chest":1,"minecraft:writable_book":1,"minecraft:stone_pickaxe":1,"minecraft:beef":1,"minecraft:wooden_pickaxe":2}},"DataVersion":2586}