{"stats":{"minecraft:dropped":{"minecraft:dirt":5,"minecraft:stone_axe":1,"minecraft:oak_log":16,"minecraft:seagrass":1,"minecraft:chest":1,"minecraft:oak_sapling":1,"minecraft:rotten_flesh":4,"minecraft:writable_book":1,"minecraft:oak_planks":29,"minecraft:apple":1,"minecraft:beef":1,"minecraft:stone_pickaxe":1,"minecraft:wooden_pickaxe":1,"minecraft:grass_block":1,"minecraft:stick":2},"minecraft:mined":{"minecraft:crafting_table":2,"minecraft:grass":2,"minecraft:grass_block":4,"minecraft:oak_log":37,"minecraft:dirt":2,"minecraft:stone":20,"minecraft:oak_leaves":11},"minecraft:picked_up":{"minecraft:seagrass":1,"minecraft:stick":16,"minecraft:crafting_table":3,"minecraft:leather":9,"minecraft:wooden_pickaxe":1,"minecraft:oak_log":86,"minecraft:grass_block":2,"minecraft:dirt":8,"minecraft:stone_sword":1,"minecraft:stone_shovel":2,"minecraft:rotten_flesh":15,"minecraft:apple":1,"minecraft:stone_axe":5,"minecraft:writable_book":1,"minecraft:beef":8,"minecraft:stone_pickaxe":4,"minecraft:chest":1,"minecraft:oak_planks":29,"minecraft:ender_pearl":1,"minecraft:oak_sapling":17,"minecraft:black_wool":1,"minecraft:mutton":3,"minecraft:white_wool":1,"minecraft:cobblestone":32,"minecraft:furnace":2},"minecraft:used":{"minecraft:wooden_axe":8,"minecraft:writable_book":1,"minecraft:stone_sword":4,"minecraft:stone_pickaxe":20,"minecraft:ender_pearl":1,"minecraft:stone_axe":45,"minecraft:dirt":1,"minecraft:crafting_table":3,"minecraft:oak_sapling":8},"minecraft:crafted":{"minecraft:oak_planks":68,"minecraft:stone_shovel":1,"minecraft:crafting_table":3,"minecraft:stick":20,"minecraft:wooden_axe":1,"minecraft:stone_sword":1,"minecraft:furnace":1,"minecraft:stone_axe":1},"minecraft:killed":{"minecraft:skeleton":1,"minecraft:sheep":2,"minecraft:zombie":3,"minecraft:zombie_villager":1,"minecraft:turtle":1,"minecraft:enderman":1,"minecraft:cow":4},"minecraft:killed_by":{"minecraft:zombie":3,"minecraft:enderman":1},"minecraft:custom":{"minecraft:time_since_rest":21,"minecraft:sprint_one_cm":129473,"minecraft:damage_taken":1130,"minecraft:walk_one_cm":45445,"minecraft:mob_kills":13,"minecraft:drop":23,"minecraft:damage_dealt":2662,"minecraft:player_kills":1,"minecraft:swim_one_cm":3007,"minecraft:interact_with_crafting_table":3,"minecraft:fly_one_cm":144738,"minecraft:open_chest":3,"minecraft:play_one_minute":34636,"minecraft:deaths":5,"minecraft:sneak_time":43,"minecraft:walk_under_water_one_cm":6023,"minecraft:jump":734,"minecraft:leave_game":4,"minecraft:walk_on_water_one_cm":2581,"minecraft:time_since_death":0,"minecraft:fall_one_cm":17952}},"DataVersion":2586}