{"stats":{"minecraft:dropped":{"minecraft:oak_sapling":1,"minecraft:apple":1,"minecraft:stick":2},"minecraft:mined":{"minecraft:crafting_table":2,"minecraft:grass":2,"minecraft:grass_block":4,"minecraft:oak_log":37,"minecraft:dirt":2,"minecraft:stone":20,"minecraft:oak_leaves":11},"minecraft:picked_up":{"minecraft:stick":9,"minecraft:crafting_table":3,"minecraft:leather":4,"minecraft:oak_log":54,"minecraft:dirt":3,"minecraft:stone_sword":1,"minecraft:stone_shovel":1,"minecraft:rotten_flesh":9,"minecraft:apple":1,"minecraft:stone_axe":3,"minecraft:beef":6,"minecraft:stone_pickaxe":2,"minecraft:oak_sapling":14,"minecraft:black_wool":1,"minecraft:mutton":3,"minecraft:white_wool":1,"minecraft:cobblestone":26,"minecraft:furnace":1},"minecraft:used":{"minecraft:wooden_axe":8,"minecraft:stone_sword":4,"minecraft:stone_pickaxe":20,"minecraft:stone_axe":31,"minecraft:dirt":1,"minecraft:crafting_table":3,"minecraft:oak_sapling":5},"minecraft:crafted":{"minecraft:oak_planks":68,"minecraft:stone_shovel":1,"minecraft:crafting_table":3,"minecraft:stick":20,"minecraft:wooden_axe":1,"minecraft:stone_sword":1,"minecraft:furnace":1,"minecraft:stone_axe":1},"minecraft:killed":{"minecraft:sheep":2,"minecraft:zombie":2,"minecraft:zombie_villager":1,"minecraft:cow":3},"minecraft:killed_by":{"minecraft:zombie":2},"minecraft:custom":{"minecraft:time_since_rest":5938,"minecraft:sprint_one_cm":92817,"minecraft:damage_taken":705,"minecraft:walk_one_cm":37757,"minecraft:mob_kills":8,"minecraft:drop":4,"minecraft:damage_dealt":1292,"minecraft:swim_one_cm":936,"minecraft:interact_with_crafting_table":3,"minecraft:fly_one_cm":87166,"minecraft:play_one_minute":26073,"minecraft:deaths":3,"minecraft:sneak_time":20,"minecraft:walk_under_water_one_cm":3388,"minecraft:jump":485,"minecraft:leave_game":3,"minecraft:walk_on_water_one_cm":453,"minecraft:time_since_death":5916,"minecraft:fall_one_cm":11247}},"DataVersion":2586}