{"stats":{"minecraft:dropped":{"minecraft:stone_axe":1,"minecraft:stone_pickaxe":1},"minecraft:mined":{"minecraft:white_bed":2,"minecraft:crafting_table":4,"minecraft:tall_grass":1,"minecraft:spruce_leaves":1,"minecraft:diorite":1,"minecraft:furnace":3,"minecraft:birch_log":8,"minecraft:iron_ore":9,"minecraft:ice":8,"minecraft:birch_leaves":1,"minecraft:birch_door":1,"minecraft:pumpkin":5,"minecraft:gold_block":1,"minecraft:grass":3,"minecraft:coal_ore":22,"minecraft:oak_log":9,"minecraft:gravel":1,"minecraft:stone":18,"minecraft:netherrack":3,"minecraft:oak_leaves":8},"minecraft:picked_up":{"minecraft:stripped_oak_log":1,"minecraft:birch_log":8,"minecraft:birch_door":1,"minecraft:crafting_table":4,"minecraft:chicken":1,"minecraft:leather":2,"minecraft:gold_block":1,"minecraft:oak_log":14,"minecraft:gunpowder":1,"minecraft:dirt":14,"minecraft:string":1,"minecraft:iron_axe":1,"minecraft:bone":4,"minecraft:beef":6,"minecraft:oak_boat":4,"minecraft:iron_ore":9,"minecraft:oak_planks":20,"minecraft:furnace":3,"minecraft:stick":3,"minecraft:pumpkin":5,"minecraft:gravel":1,"minecraft:porkchop":3,"minecraft:diorite":1,"minecraft:white_bed":2,"minecraft:redstone":1,"minecraft:arrow":5,"minecraft:rotten_flesh":10,"minecraft:gray_wool":1,"minecraft:oak_sapling":3,"minecraft:netherrack":3,"minecraft:mutton":12,"minecraft:coal":22,"minecraft:white_wool":8,"minecraft:cobblestone":18},"minecraft:used":{"minecraft:stone_pickaxe":15,"minecraft:redstone":1,"minecraft:shield":13,"minecraft:wooden_pickaxe":6,"minecraft:rotten_flesh":4,"minecraft:netherrack":3,"minecraft:mutton":5,"minecraft:crafting_table":4,"minecraft:white_bed":2,"minecraft:birch_door":1,"minecraft:iron_axe":61,"minecraft:iron_pickaxe":47,"minecraft:stone_axe":17,"minecraft:cobblestone":1,"minecraft:furnace":3,"minecraft:cooked_porkchop":3,"minecraft:oak_boat":4,"minecraft:stripped_oak_log":1,"minecraft:cooked_beef":6},"minecraft:killed":{"minecraft:pig":2,"minecraft:witch":1,"minecraft:sheep":7,"minecraft:skeleton":3,"minecraft:zombie":4,"minecraft:drowned":2,"minecraft:cow":2},"minecraft:crafted":{"minecraft:cooked_beef":6,"minecraft:oak_planks":56,"minecraft:cooked_porkchop":3,"minecraft:crafting_table":1,"minecraft:wooden_pickaxe":1,"minecraft:furnace":1,"minecraft:birch_planks":24,"minecraft:stone_axe":1,"minecraft:air":0,"minecraft:oak_boat":1,"minecraft:shield":1,"minecraft:iron_axe":1,"minecraft:stick":12,"minecraft:iron_ingot":9,"minecraft:iron_pickaxe":1,"minecraft:stone_pickaxe":1,"minecraft:white_bed":1,"minecraft:birch_door":3},"minecraft:custom":{"minecraft:interact_with_furnace":32,"minecraft:mob_kills":21,"minecraft:interact_with_crafting_table":14,"minecraft:play_one_minute":40167,"minecraft:leave_game":2,"minecraft:time_since_death":40167,"minecraft:sleep_in_bed":4,"minecraft:time_since_rest":12594,"minecraft:sprint_one_cm":155734,"minecraft:damage_taken":860,"minecraft:walk_one_cm":61739,"minecraft:damage_blocked_by_shield":545,"minecraft:drop":2,"minecraft:damage_dealt":2929,"minecraft:swim_one_cm":38942,"minecraft:fly_one_cm":216175,"minecraft:open_chest":2,"minecraft:crouch_one_cm":1341,"minecraft:sneak_time":847,"minecraft:walk_under_water_one_cm":11245,"minecraft:boat_one_cm":68421,"minecraft:jump":1181,"minecraft:walk_on_water_one_cm":7821,"minecraft:fall_one_cm":42560}},"DataVersion":2586}