{"stats":{"minecraft:mined":{"minecraft:furnace":1,"minecraft:birch_log":8,"minecraft:iron_ore":9,"minecraft:birch_door":1,"minecraft:pumpkin":5,"minecraft:crafting_table":2,"minecraft:grass":1,"minecraft:coal_ore":22,"minecraft:oak_log":4,"minecraft:gravel":1,"minecraft:stone":18,"minecraft:diorite":1,"minecraft:oak_leaves":6},"minecraft:custom":{"minecraft:time_since_rest":629,"minecraft:interact_with_furnace":25,"minecraft:sprint_one_cm":47824,"minecraft:damage_taken":330,"minecraft:walk_one_cm":27243,"minecraft:mob_kills":11,"minecraft:damage_dealt":1360,"minecraft:interact_with_crafting_table":13,"minecraft:swim_one_cm":29525,"minecraft:fly_one_cm":50641,"minecraft:crouch_one_cm":1227,"minecraft:play_one_minute":16742,"minecraft:sneak_time":742,"minecraft:walk_under_water_one_cm":9838,"minecraft:jump":334,"minecraft:leave_game":1,"minecraft:time_since_death":16742,"minecraft:walk_on_water_one_cm":3075,"minecraft:sleep_in_bed":2,"minecraft:fall_one_cm":10619},"minecraft:killed":{"minecraft:sheep":4,"minecraft:skeleton":2,"minecraft:pig":1,"minecraft:witch":1,"minecraft:drowned":1,"minecraft:cow":2},"minecraft:picked_up":{"minecraft:birch_log":8,"minecraft:stick":2,"minecraft:birch_door":1,"minecraft:crafting_table":2,"minecraft:pumpkin":5,"minecraft:leather":2,"minecraft:gravel":1,"minecraft:porkchop":1,"minecraft:oak_log":4,"minecraft:diorite":1,"minecraft:gunpowder":1,"minecraft:redstone":1,"minecraft:iron_axe":1,"minecraft:bone":2,"minecraft:arrow":3,"minecraft:rotten_flesh":4,"minecraft:beef":6,"minecraft:iron_ore":9,"minecraft:gray_wool":1,"minecraft:oak_sapling":2,"minecraft:coal":22,"minecraft:mutton":9,"minecraft:white_wool":5,"minecraft:cobblestone":18,"minecraft:furnace":1},"minecraft:used":{"minecraft:birch_door":1,"minecraft:iron_axe":23,"minecraft:stone_pickaxe":15,"minecraft:iron_pickaxe":32,"minecraft:wooden_pickaxe":6,"minecraft:rotten_flesh":4,"minecraft:stone_axe":17,"minecraft:cobblestone":1,"minecraft:crafting_table":3,"minecraft:furnace":2,"minecraft:white_bed":1,"minecraft:cooked_beef":2},"minecraft:crafted":{"minecraft:oak_planks":16,"minecraft:shield":1,"minecraft:iron_axe":1,"minecraft:crafting_table":1,"minecraft:stick":12,"minecraft:wooden_pickaxe":1,"minecraft:iron_ingot":9,"minecraft:iron_pickaxe":1,"minecraft:stone_pickaxe":1,"minecraft:white_bed":1,"minecraft:furnace":1,"minecraft:birch_door":3,"minecraft:birch_planks":24,"minecraft:stone_axe":1,"minecraft:air":0,"minecraft:cooked_beef":6}},"DataVersion":2586}