{"stats":{"minecraft:dropped":{"minecraft:stone_axe":1,"minecraft:stone_pickaxe":1},"minecraft:mined":{"minecraft:white_bed":1,"minecraft:crafting_table":3,"minecraft:diorite":1,"minecraft:furnace":2,"minecraft:birch_log":8,"minecraft:iron_ore":9,"minecraft:birch_leaves":1,"minecraft:birch_door":1,"minecraft:pumpkin":5,"minecraft:grass":1,"minecraft:coal_ore":22,"minecraft:oak_log":4,"minecraft:gravel":1,"minecraft:stone":18,"minecraft:oak_leaves":8},"minecraft:picked_up":{"minecraft:birch_log":8,"minecraft:birch_door":1,"minecraft:crafting_table":3,"minecraft:leather":2,"minecraft:oak_log":5,"minecraft:gunpowder":1,"minecraft:string":1,"minecraft:iron_axe":1,"minecraft:bone":2,"minecraft:beef":6,"minecraft:iron_ore":9,"minecraft:oak_planks":3,"minecraft:furnace":2,"minecraft:stick":3,"minecraft:pumpkin":5,"minecraft:gravel":1,"minecraft:porkchop":1,"minecraft:diorite":1,"minecraft:white_bed":1,"minecraft:redstone":1,"minecraft:arrow":3,"minecraft:rotten_flesh":9,"minecraft:gray_wool":1,"minecraft:oak_sapling":3,"minecraft:mutton":9,"minecraft:coal":22,"minecraft:white_wool":5,"minecraft:cobblestone":18},"minecraft:used":{"minecraft:stone_pickaxe":15,"minecraft:redstone":1,"minecraft:shield":6,"minecraft:wooden_pickaxe":6,"minecraft:rotten_flesh":4,"minecraft:crafting_table":3,"minecraft:white_bed":1,"minecraft:birch_door":1,"minecraft:iron_axe":39,"minecraft:iron_pickaxe":34,"minecraft:stone_axe":17,"minecraft:cobblestone":1,"minecraft:furnace":2,"minecraft:cooked_beef":5},"minecraft:killed":{"minecraft:pig":1,"minecraft:witch":1,"minecraft:sheep":4,"minecraft:skeleton":2,"minecraft:zombie":3,"minecraft:drowned":2,"minecraft:cow":2},"minecraft:crafted":{"minecraft:cooked_beef":6,"minecraft:oak_planks":16,"minecraft:crafting_table":1,"minecraft:wooden_pickaxe":1,"minecraft:furnace":1,"minecraft:birch_planks":24,"minecraft:stone_axe":1,"minecraft:air":0,"minecraft:shield":1,"minecraft:iron_axe":1,"minecraft:stick":12,"minecraft:iron_ingot":9,"minecraft:iron_pickaxe":1,"minecraft:stone_pickaxe":1,"minecraft:white_bed":1,"minecraft:birch_door":3},"minecraft:custom":{"minecraft:interact_with_furnace":25,"minecraft:mob_kills":15,"minecraft:interact_with_crafting_table":13,"minecraft:play_one_minute":22742,"minecraft:leave_game":1,"minecraft:time_since_death":22742,"minecraft:sleep_in_bed":2,"minecraft:time_since_rest":6629,"minecraft:sprint_one_cm":81683,"minecraft:damage_taken":635,"minecraft:walk_one_cm":43429,"minecraft:damage_blocked_by_shield":135,"minecraft:drop":2,"minecraft:damage_dealt":2197,"minecraft:swim_one_cm":32582,"minecraft:fly_one_cm":85469,"minecraft:crouch_one_cm":1288,"minecraft:sneak_time":766,"minecraft:walk_under_water_one_cm":10014,"minecraft:jump":574,"minecraft:walk_on_water_one_cm":3967,"minecraft:fall_one_cm":21423}},"DataVersion":2586}