{"stats":{"minecraft:dropped":{"minecraft:sugar_cane":4,"minecraft:chicken":1,"minecraft:rotten_flesh":6,"minecraft:grass_block":1,"minecraft:stick":2,"minecraft:torch":1,"minecraft:seagrass":1,"minecraft:oak_sapling":1,"minecraft:bow":2,"minecraft:egg":1},"minecraft:mined":{"minecraft:soul_fire":3,"minecraft:crafting_table":10,"minecraft:torch":2,"minecraft:nether_bricks":5,"minecraft:grass_block":1,"minecraft:chest":1,"minecraft:soul_soil":2,"minecraft:cobblestone":7,"minecraft:oak_planks":9,"minecraft:sugar_cane":5,"minecraft:nether_wart":40,"minecraft:wall_torch":1,"minecraft:furnace":6,"minecraft:birch_log":6,"minecraft:iron_ore":71,"minecraft:oak_log":77,"minecraft:coal_ore":48,"minecraft:gravel":22,"minecraft:sand":4,"minecraft:dirt":10,"minecraft:stone":68,"minecraft:netherrack":53,"minecraft:oak_leaves":4},"minecraft:picked_up":{"minecraft:birch_log":5,"minecraft:seagrass":1,"minecraft:crafting_table":10,"minecraft:feather":1,"minecraft:chicken":1,"minecraft:nether_wart":40,"minecraft:andesite":3,"minecraft:leather":2,"minecraft:wooden_pickaxe":1,"minecraft:birch_planks":1,"minecraft:flint":1,"minecraft:oak_log":93,"minecraft:string":3,"minecraft:dirt":32,"minecraft:soul_soil":2,"minecraft:cooked_mutton":1,"minecraft:bone":12,"minecraft:bow":4,"minecraft:iron_ingot":1,"minecraft:beef":5,"minecraft:stone_pickaxe":1,"minecraft:iron_ore":88,"minecraft:light_gray_wool":1,"minecraft:sugar_cane":11,"minecraft:chest":2,"minecraft:oak_planks":38,"minecraft:egg":2,"minecraft:furnace":6,"minecraft:stick":5,"minecraft:torch":5,"minecraft:gravel":21,"minecraft:porkchop":1,"minecraft:sand":4,"minecraft:ink_sac":5,"minecraft:grass_block":1,"minecraft:spider_eye":1,"minecraft:arrow":6,"minecraft:rotten_flesh":18,"minecraft:stone_axe":1,"minecraft:nether_bricks":5,"minecraft:writable_book":1,"minecraft:oak_sapling":3,"minecraft:blaze_rod":1,"minecraft:netherrack":51,"minecraft:mutton":13,"minecraft:coal":127,"minecraft:white_wool":6,"minecraft:cobblestone":84},"minecraft:broken":{"minecraft:stone_axe":1},"minecraft:used":{"minecraft:cooked_mutton":13,"minecraft:water_bucket":6,"minecraft:flint_and_steel":1,"minecraft:stone_pickaxe":94,"minecraft:oak_planks":9,"minecraft:chest":3,"minecraft:shield":53,"minecraft:wooden_pickaxe":26,"minecraft:rotten_flesh":8,"minecraft:torch":11,"minecraft:dirt":7,"minecraft:crafting_table":11,"minecraft:lava_bucket":8,"minecraft:iron_axe":32,"minecraft:iron_pickaxe":149,"minecraft:gravel":21,"minecraft:stone_axe":137,"minecraft:cobblestone":56,"minecraft:bow":3,"minecraft:beef":4,"minecraft:oak_sapling":2,"minecraft:furnace":6,"minecraft:cooked_porkchop":1,"minecraft:bucket":15,"minecraft:egg":1},"minecraft:killed":{"minecraft:pig":1,"minecraft:spider":4,"minecraft:squid":1,"minecraft:sheep":7,"minecraft:skeleton":11,"minecraft:zombie":12,"minecraft:chicken":1,"minecraft:ghast":1,"minecraft:drowned":1,"minecraft:wither_skeleton":1,"minecraft:blaze":2,"minecraft:cow":1},"minecraft:crafted":{"minecraft:oak_planks":68,"minecraft:cooked_porkchop":1,"minecraft:crafting_table":2,"minecraft:iron_helmet":1,"minecraft:wooden_pickaxe":2,"minecraft:furnace":2,"minecraft:birch_planks":20,"minecraft:bucket":1,"minecraft:stone_axe":2,"minecraft:cooked_mutton":9,"minecraft:air":0,"minecraft:flint_and_steel":1,"minecraft:paper":3,"minecraft:book":1,"minecraft:iron_boots":1,"minecraft:iron_chestplate":1,"minecraft:shield":1,"minecraft:iron_axe":1,"minecraft:stick":32,"minecraft:iron_ingot":50,"minecraft:iron_pickaxe":1,"minecraft:stone_pickaxe":2,"minecraft:chest":2,"minecraft:writable_book":1,"minecraft:iron_leggings":1,"minecraft:torch":40},"minecraft:killed_by":{"minecraft:player":1,"minecraft:blaze":1,"minecraft:zombie":1},"minecraft:custom":{"minecraft:interact_with_furnace":44,"minecraft:mob_kills":44,"minecraft:interact_with_crafting_table":22,"minecraft:play_one_minute":90733,"minecraft:leave_game":12,"minecraft:time_since_death":0,"minecraft:time_since_rest":21,"minecraft:sprint_one_cm":237052,"minecraft:damage_taken":1682,"minecraft:walk_one_cm":222556,"minecraft:damage_blocked_by_shield":1975,"minecraft:drop":19,"minecraft:damage_dealt":6634,"minecraft:swim_one_cm":34464,"minecraft:fly_one_cm":370837,"minecraft:open_chest":12,"minecraft:crouch_one_cm":9698,"minecraft:deaths":3,"minecraft:sneak_time":4059,"minecraft:walk_under_water_one_cm":7625,"minecraft:jump":2069,"minecraft:walk_on_water_one_cm":11714,"minecraft:fall_one_cm":55080}},"DataVersion":2586}